vp_names,red,green,blue
vp_001_001,55,171,178
vp_001_002,55,171,178
vp_001_003,55,171,178
vp_001_004,55,171,178
vp_002_001,230,131,50
vp_002_002,230,131,50
vp_002_003,230,131,50
vp_002_004,230,131,50
vp_003_001,247,113,129
vp_003_002,247,113,129
vp_003_003,247,113,129
vp_003_004,247,113,129
vp_004_001,56,169,198
vp_004_002,56,169,198
vp_004_003,56,169,198
vp_004_004,56,169,198
vp_005_001,246,107,176
vp_005_002,246,107,176
vp_005_003,246,107,176
vp_005_004,246,107,176
vp_006_001,200,147,50
vp_006_002,200,147,50
vp_006_003,200,147,50
vp_006_004,200,147,50
vp_007_001,55,170,188
vp_007_002,55,170,188
vp_007_003,55,170,188
vp_007_004,55,170,188
vp_008_001,57,168,206
vp_008_002,57,168,206
vp_008_003,57,168,206
vp_008_004,57,168,206
vp_009_001,194,127,244
vp_009_002,194,127,244
vp_009_003,194,127,244
vp_009_004,194,127,244
vp_010_001,156,162,49
vp_010_002,156,162,49
vp_010_003,156,162,49
vp_010_004,156,162,49
vp_011_001,187,131,244
vp_011_002,187,131,244
vp_011_003,187,131,244
vp_011_004,187,131,244
vp_012_001,247,112,144
vp_012_002,247,112,144
vp_012_003,247,112,144
vp_012_004,247,112,144
vp_012_005,247,112,144
vp_013_001,135,168,49
vp_013_002,135,168,49
vp_013_003,135,168,49
vp_013_004,135,168,49
vp_014_001,122,170,49
vp_014_002,122,170,49
vp_014_003,122,170,49
vp_014_004,122,170,49
vp_015_001,57,167,211
vp_015_002,57,167,211
vp_015_003,57,167,211
vp_016_001,52,176,127
vp_016_002,52,176,127
vp_016_003,52,176,127
vp_016_004,52,176,127
vp_017_001,55,171,181
vp_017_002,55,171,181
vp_017_003,55,171,181
vp_017_004,55,171,181
vp_018_001,172,137,244
vp_018_002,172,137,244
vp_018_003,172,137,244
vp_018_004,172,137,244
vp_019_001,156,143,244
vp_019_002,156,143,244
vp_019_003,156,143,244
vp_019_004,156,143,244
vp_020_001,53,174,152
vp_020_002,53,174,152
vp_020_003,53,174,152
vp_020_004,53,174,152
vp_021_001,52,175,141
vp_021_002,52,175,141
vp_021_003,52,175,141
vp_021_004,52,175,141
vp_022_001,56,170,191
vp_022_002,56,170,191
vp_022_003,56,170,191
vp_022_004,56,170,191
vp_022_005,56,170,191
vp_023_001,58,165,222
vp_023_002,58,165,222
vp_023_003,58,165,222
vp_023_004,58,165,222
vp_024_001,51,177,114
vp_024_002,51,177,114
vp_024_003,51,177,114
vp_024_004,51,177,114
vp_025_001,86,159,244
vp_025_002,86,159,244
vp_025_003,86,159,244
vp_025_004,86,159,244
vp_026_001,147,146,244
vp_026_002,147,146,244
vp_026_003,147,146,244
vp_026_004,147,146,244
vp_027_001,55,171,184
vp_027_002,55,171,184
vp_027_003,55,171,184
vp_027_004,55,171,184
vp_028_001,237,126,50
vp_028_002,237,126,50
vp_028_003,237,126,50
vp_028_004,237,126,50
vp_029_001,176,156,49
vp_029_002,176,156,49
vp_029_003,176,156,49
vp_029_004,176,156,49
vp_030_001,59,179,49
vp_030_002,59,179,49
vp_030_003,59,179,49
vp_030_004,59,179,49
vp_030_005,59,179,49
vp_031_001,56,168,202
vp_031_002,56,168,202
vp_031_003,56,168,202
vp_031_004,56,168,202
vp_032_001,115,172,49
vp_032_002,115,172,49
vp_032_003,115,172,49
vp_032_004,115,172,49
vp_033_001,224,134,50
vp_033_002,224,134,50
vp_033_003,224,134,50
vp_033_004,224,134,50
vp_034_001,54,172,170
vp_034_002,54,172,170
vp_034_003,54,172,170
vp_034_004,54,172,170
vp_035_001,54,172,167
vp_035_002,54,172,167
vp_035_003,54,172,167
vp_035_004,54,172,167
vp_036_001,246,105,188
vp_036_002,246,105,188
vp_036_003,246,105,188
vp_036_004,246,105,188
vp_037_001,53,173,158
vp_037_002,53,173,158
vp_037_003,53,173,158
vp_037_004,53,173,158
vp_038_001,248,118,68
vp_038_002,248,118,68
vp_038_003,248,118,68
vp_038_004,248,118,68
vp_039_001,51,177,106
vp_039_002,51,177,106
vp_039_003,51,177,106
vp_039_004,51,177,106
vp_039_005,51,177,106
vp_039_006,51,177,106
vp_040_001,54,172,176
vp_040_002,54,172,176
vp_040_003,54,172,176
vp_040_004,54,172,176
vp_040_005,54,172,176
vp_040_006,54,172,176
vp_041_001,53,174,148
vp_041_002,53,174,148
vp_041_003,53,174,148
vp_041_004,53,174,148
vp_042_001,247,111,152
vp_042_002,247,111,152
vp_042_003,247,111,152
vp_042_004,247,111,152
vp_043_001,138,148,244
vp_043_002,138,148,244
vp_043_003,138,148,244
vp_043_004,138,148,244
vp_044_001,240,95,244
vp_044_002,240,95,244
vp_044_003,240,95,244
vp_044_004,240,95,244
vp_044_005,240,95,244
vp_045_001,245,101,205
vp_045_002,245,101,205
vp_045_003,245,101,205
vp_045_004,245,101,205
vp_046_001,80,177,49
vp_046_002,80,177,49
vp_046_003,80,177,49
vp_046_004,80,177,49
vp_047_001,168,159,49
vp_047_002,168,159,49
vp_047_003,168,159,49
vp_047_004,168,159,49
vp_048_001,50,178,84
vp_048_002,50,178,84
vp_048_003,50,178,84
vp_048_004,50,178,84
vp_049_001,50,178,97
vp_049_002,50,178,97
vp_049_003,50,178,97
vp_050_001,187,152,50
vp_050_002,187,152,50
vp_050_003,187,152,50
vp_050_004,187,152,50
vp_051_001,179,134,244
vp_051_002,179,134,244
vp_051_003,179,134,244
vp_051_004,179,134,244
vp_052_001,247,117,86
vp_052_002,247,117,86
vp_052_003,247,117,86
vp_052_004,247,117,86
vp_053_001,164,160,49
vp_053_002,164,160,49
vp_053_003,164,160,49
vp_053_004,164,160,49
vp_054_001,245,121,50
vp_054_002,245,121,50
vp_054_003,245,121,50
vp_054_004,245,121,50
vp_055_001,105,173,49
vp_055_002,105,173,49
vp_055_003,105,173,49
vp_055_004,105,173,49
vp_056_001,209,119,244
vp_056_002,209,119,244
vp_056_003,209,119,244
vp_056_004,209,119,244
vp_057_001,52,175,137
vp_057_002,52,175,137
vp_057_003,52,175,137
vp_057_004,52,175,137
vp_058_001,247,114,120
vp_058_002,247,114,120
vp_058_003,247,114,120
vp_058_004,247,114,120
vp_059_001,53,174,155
vp_059_002,53,174,155
vp_059_003,53,174,155
vp_059_004,53,174,155
vp_060_001,195,149,50
vp_060_002,195,149,50
vp_060_003,195,149,50
vp_060_004,195,149,50
vp_061_001,49,179,67
vp_061_002,49,179,67
vp_061_003,49,179,67
vp_062_001,172,157,49
vp_062_002,172,157,49
vp_062_003,172,157,49
vp_062_004,172,157,49
vp_063_001,63,161,244
vp_063_002,63,161,244
vp_063_003,63,161,244
vp_063_004,63,161,244
vp_064_001,52,175,132
vp_064_002,52,175,132
vp_064_003,52,175,132
vp_064_004,52,175,132
vp_065_001,213,140,50
vp_065_002,213,140,50
vp_065_003,213,140,50
vp_065_004,213,140,50
vp_066_001,52,174,145
vp_066_002,52,174,145
vp_066_003,52,174,145
vp_066_004,52,174,145
vp_067_001,224,109,244
vp_067_002,224,109,244
vp_067_003,224,109,244
vp_067_004,224,109,244
vp_067_005,224,109,244
vp_068_001,246,102,199
vp_068_002,246,102,199
vp_068_003,246,102,199
vp_068_004,246,102,199
vp_069_001,59,163,236
vp_069_002,59,163,236
vp_069_003,59,163,236
vp_069_004,59,163,236
vp_070_001,216,114,244
vp_070_002,216,114,244
vp_070_003,216,114,244
vp_070_004,216,114,244
vp_071_001,184,153,50
vp_071_002,184,153,50
vp_071_003,184,153,50
vp_071_004,184,153,50
vp_072_001,116,154,244
vp_072_002,116,154,244
vp_072_003,116,154,244
vp_072_004,116,154,244
vp_073_001,51,176,121
vp_073_002,51,176,121
vp_073_003,51,176,121
vp_073_004,51,176,121
vp_074_001,244,92,240
vp_074_002,244,92,240
vp_074_003,244,92,240
vp_074_004,244,92,240
vp_075_001,180,155,50
vp_075_002,180,155,50
vp_075_003,180,155,50
vp_075_004,180,155,50
vp_076_001,247,113,137
vp_076_002,247,113,137
vp_076_003,247,113,137
vp_076_004,247,113,137
vp_077_001,246,108,171
vp_077_002,246,108,171
vp_077_003,246,108,171
vp_077_004,246,108,171
vp_078_001,245,94,232
vp_078_002,245,94,232
vp_078_003,245,94,232
vp_078_004,245,94,232
vp_079_001,54,172,173
vp_079_002,54,172,173
vp_079_003,54,172,173
vp_079_004,54,172,173
vp_080_001,246,106,182
vp_080_002,246,106,182
vp_080_003,246,106,182
vp_080_004,246,106,182
vp_080_005,246,106,182
vp_081_001,53,173,161
vp_081_002,53,173,161
vp_081_003,53,173,161
vp_081_004,53,173,161
vp_082_001,245,98,218
vp_082_002,245,98,218
vp_082_003,245,98,218
vp_082_004,245,98,218
vp_083_001,160,161,49
vp_083_002,160,161,49
vp_083_003,160,161,49
vp_083_004,160,161,49
vp_084_001,59,164,228
vp_084_002,59,164,228
vp_084_003,59,164,228
vp_084_004,59,164,228
vp_085_001,232,102,244
vp_085_002,232,102,244
vp_085_003,232,102,244
vp_085_004,232,102,244
vp_086_001,127,151,244
vp_086_002,127,151,244
vp_086_003,127,151,244
vp_086_004,127,151,244
vp_087_001,56,169,194
vp_087_002,56,169,194
vp_087_003,56,169,194
vp_087_004,56,169,194
vp_088_001,141,166,49
vp_088_002,141,166,49
vp_088_003,141,166,49
vp_088_004,141,166,49
vp_089_001,151,164,49
vp_089_002,151,164,49
vp_089_003,151,164,49
vp_089_004,151,164,49
vp_090_001,245,100,212
vp_090_002,245,100,212
vp_090_003,245,100,212
vp_090_004,245,100,212
vp_091_001,246,110,159
vp_091_002,246,110,159
vp_091_003,246,110,159
vp_091_004,246,110,159
vp_092_001,247,116,99
vp_092_002,247,116,99
vp_092_003,247,116,99
vp_092_004,247,116,99
vp_093_001,54,173,164
vp_093_002,54,173,164
vp_093_003,54,173,164
vp_093_004,54,173,164
vp_094_001,102,156,244
vp_094_002,102,156,244
vp_094_003,102,156,244
vp_094_004,102,156,244
vp_095_001,219,137,50
vp_095_002,219,137,50
vp_095_003,219,137,50
vp_095_004,219,137,50
vp_096_001,58,166,216
vp_096_001,58,166,216
vp_096_002,58,166,216
vp_096_003,58,166,216
vp_096_004,58,166,216
vp_097_001,246,104,194
vp_097_002,246,104,194
vp_097_003,246,104,194
vp_097_004,246,104,194
vp_098_001,201,123,244
vp_098_002,201,123,244
vp_098_003,201,123,244
vp_098_004,201,123,244
vp_099_001,209,143,50
vp_099_002,209,143,50
vp_099_003,209,143,50
vp_099_004,209,143,50
vp_100_001,246,109,165
vp_100_002,246,109,165
vp_100_003,246,109,165
vp_100_004,246,109,165
vp_101_001,191,150,50
vp_101_002,191,150,50
vp_101_003,191,150,50
vp_101_004,191,150,50
vp_102_001,146,165,49
vp_102_002,146,165,49
vp_102_003,146,165,49
vp_102_004,146,165,49
vp_103_001,129,169,49
vp_103_002,129,169,49
vp_103_003,129,169,49
vp_103_004,129,169,49
vp_104_001,94,175,49
vp_104_002,94,175,49
vp_104_003,94,175,49
vp_104_004,94,175,49
vp_105_001,245,96,225
vp_105_002,245,96,225
vp_105_003,245,96,225
vp_105_004,245,96,225
vp_106_001,247,115,111
vp_106_002,247,115,111
vp_106_003,247,115,111
vp_106_004,247,115,111
vp_107_001,204,145,50
vp_107_002,204,145,50
vp_107_003,204,145,50
vp_107_004,204,145,50
vp_108_001,164,140,244
vp_108_002,164,140,244
vp_108_003,164,140,244
vp_108_004,164,140,244
